[{"model": "admin.logentry", "pk": 68, "fields": {"action_time": "2023-09-18T22:00:25.973Z", "user": 36, "content_type": 14, "object_id": "63", "object_repr": "202309172363", "action_flag": 3, "change_message": ""}}, {"model": "admin.logentry", "pk": 69, "fields": {"action_time": "2023-09-18T22:03:30.635Z", "user": 36, "content_type": 14, "object_id": "62", "object_repr": "202309161962", "action_flag": 3, "change_message": ""}}, {"model": "admin.logentry", "pk": 70, "fields": {"action_time": "2023-09-18T22:07:13.440Z", "user": 36, "content_type": 14, "object_id": "61", "object_repr": "202309132261", "action_flag": 3, "change_message": ""}}, {"model": "admin.logentry", "pk": 71, "fields": {"action_time": "2023-09-18T22:07:13.447Z", "user": 36, "content_type": 14, "object_id": "60", "object_repr": "202309130060", "action_flag": 3, "change_message": ""}}, {"model": "admin.logentry", "pk": 72, "fields": {"action_time": "2023-09-18T22:07:13.449Z", "user": 36, "content_type": 14, "object_id": "59", "object_repr": "202309130059", "action_flag": 3, "change_message": ""}}, {"model": "admin.logentry", "pk": 73, "fields": {"action_time": "2023-09-18T22:07:13.452Z", "user": 36, "content_type": 14, "object_id": "58", "object_repr": "202309130058", "action_flag": 3, "change_message": ""}}, {"model": "admin.logentry", "pk": 74, "fields": {"action_time": "2023-09-18T22:07:13.455Z", "user": 36, "content_type": 14, "object_id": "57", "object_repr": "202309130057", "action_flag": 3, "change_message": ""}}, {"model": "admin.logentry", "pk": 75, "fields": {"action_time": "2023-09-18T22:07:13.457Z", "user": 36, "content_type": 14, "object_id": "56", "object_repr": "202309122356", "action_flag": 3, "change_message": ""}}, {"model": "admin.logentry", "pk": 76, "fields": {"action_time": "2023-09-18T22:07:13.458Z", "user": 36, "content_type": 14, "object_id": "55", "object_repr": "202309122355", "action_flag": 3, "change_message": ""}}, {"model": "admin.logentry", "pk": 77, "fields": {"action_time": "2023-09-18T22:07:13.460Z", "user": 36, "content_type": 14, "object_id": "54", "object_repr": "202309122354", "action_flag": 3, "change_message": ""}}, {"model": "admin.logentry", "pk": 78, "fields": {"action_time": "2023-09-18T22:07:13.461Z", "user": 36, "content_type": 14, "object_id": "53", "object_repr": "202309112353", "action_flag": 3, "change_message": ""}}, {"model": "admin.logentry", "pk": 79, "fields": {"action_time": "2023-09-18T22:07:13.462Z", "user": 36, "content_type": 14, "object_id": "52", "object_repr": "202309112352", "action_flag": 3, "change_message": ""}}, {"model": "admin.logentry", "pk": 80, "fields": {"action_time": "2023-09-18T22:07:13.463Z", "user": 36, "content_type": 14, "object_id": "51", "object_repr": "202309112351", "action_flag": 3, "change_message": ""}}, {"model": "admin.logentry", "pk": 81, "fields": {"action_time": "2023-09-18T22:07:13.464Z", "user": 36, "content_type": 14, "object_id": "50", "object_repr": "202309101950", "action_flag": 3, "change_message": ""}}, {"model": "admin.logentry", "pk": 82, "fields": {"action_time": "2023-09-18T22:07:13.466Z", "user": 36, "content_type": 14, "object_id": "49", "object_repr": "202309101949", "action_flag": 3, "change_message": ""}}, {"model": "admin.logentry", "pk": 83, "fields": {"action_time": "2023-09-18T22:07:13.468Z", "user": 36, "content_type": 14, "object_id": "48", "object_repr": "202309092048", "action_flag": 3, "change_message": ""}}, {"model": "admin.logentry", "pk": 84, "fields": {"action_time": "2023-09-18T22:07:13.470Z", "user": 36, "content_type": 14, "object_id": "47", "object_repr": "202309092047", "action_flag": 3, "change_message": ""}}, {"model": "admin.logentry", "pk": 85, "fields": {"action_time": "2023-09-18T22:07:13.472Z", "user": 36, "content_type": 14, "object_id": "46", "object_repr": "202309092046", "action_flag": 3, "change_message": ""}}, {"model": "admin.logentry", "pk": 86, "fields": {"action_time": "2023-09-18T22:07:13.474Z", "user": 36, "content_type": 14, "object_id": "45", "object_repr": "202309092045", "action_flag": 3, "change_message": ""}}, {"model": "admin.logentry", "pk": 87, "fields": {"action_time": "2023-09-18T22:07:13.475Z", "user": 36, "content_type": 14, "object_id": "44", "object_repr": "202309092044", "action_flag": 3, "change_message": ""}}, {"model": "admin.logentry", "pk": 88, "fields": {"action_time": "2023-09-18T22:07:13.477Z", "user": 36, "content_type": 14, "object_id": "43", "object_repr": "202309092043", "action_flag": 3, "change_message": ""}}, {"model": "admin.logentry", "pk": 89, "fields": {"action_time": "2023-09-18T22:07:13.479Z", "user": 36, "content_type": 14, "object_id": "42", "object_repr": "202309092042", "action_flag": 3, "change_message": ""}}, {"model": "admin.logentry", "pk": 90, "fields": {"action_time": "2023-09-18T22:07:13.481Z", "user": 36, "content_type": 14, "object_id": "41", "object_repr": "202309092041", "action_flag": 3, "change_message": ""}}, {"model": "admin.logentry", "pk": 91, "fields": {"action_time": "2023-09-18T22:07:13.484Z", "user": 36, "content_type": 14, "object_id": "40", "object_repr": "202309092040", "action_flag": 3, "change_message": ""}}, {"model": "admin.logentry", "pk": 92, "fields": {"action_time": "2023-09-18T22:07:13.486Z", "user": 36, "content_type": 14, "object_id": "39", "object_repr": "202309092039", "action_flag": 3, "change_message": ""}}, {"model": "admin.logentry", "pk": 93, "fields": {"action_time": "2023-09-18T22:07:13.494Z", "user": 36, "content_type": 14, "object_id": "38", "object_repr": "202309092038", "action_flag": 3, "change_message": ""}}, {"model": "admin.logentry", "pk": 94, "fields": {"action_time": "2023-09-18T22:07:13.496Z", "user": 36, "content_type": 14, "object_id": "37", "object_repr": "202309092037", "action_flag": 3, "change_message": ""}}, {"model": "admin.logentry", "pk": 95, "fields": {"action_time": "2023-09-18T22:07:13.498Z", "user": 36, "content_type": 14, "object_id": "36", "object_repr": "202309092036", "action_flag": 3, "change_message": ""}}, {"model": "admin.logentry", "pk": 96, "fields": {"action_time": "2023-09-18T22:07:13.500Z", "user": 36, "content_type": 14, "object_id": "35", "object_repr": "202309092035", "action_flag": 3, "change_message": ""}}, {"model": "admin.logentry", "pk": 97, "fields": {"action_time": "2023-09-18T22:07:13.503Z", "user": 36, "content_type": 14, "object_id": "34", "object_repr": "202309092034", "action_flag": 3, "change_message": ""}}, {"model": "admin.logentry", "pk": 98, "fields": {"action_time": "2023-09-18T22:07:13.505Z", "user": 36, "content_type": 14, "object_id": "33", "object_repr": "202309092033", "action_flag": 3, "change_message": ""}}, {"model": "admin.logentry", "pk": 99, "fields": {"action_time": "2023-09-18T22:07:13.507Z", "user": 36, "content_type": 14, "object_id": "32", "object_repr": "202309092032", "action_flag": 3, "change_message": ""}}, {"model": "admin.logentry", "pk": 100, "fields": {"action_time": "2023-09-18T22:07:13.508Z", "user": 36, "content_type": 14, "object_id": "31", "object_repr": "202309092031", "action_flag": 3, "change_message": ""}}, {"model": "admin.logentry", "pk": 101, "fields": {"action_time": "2023-09-18T22:07:13.509Z", "user": 36, "content_type": 14, "object_id": "30", "object_repr": "202309092030", "action_flag": 3, "change_message": ""}}, {"model": "admin.logentry", "pk": 102, "fields": {"action_time": "2023-09-18T22:07:13.511Z", "user": 36, "content_type": 14, "object_id": "29", "object_repr": "202309092029", "action_flag": 3, "change_message": ""}}, {"model": "admin.logentry", "pk": 103, "fields": {"action_time": "2023-09-18T22:07:13.512Z", "user": 36, "content_type": 14, "object_id": "28", "object_repr": "202309092028", "action_flag": 3, "change_message": ""}}, {"model": "admin.logentry", "pk": 104, "fields": {"action_time": "2023-09-18T22:07:13.513Z", "user": 36, "content_type": 14, "object_id": "27", "object_repr": "202309092027", "action_flag": 3, "change_message": ""}}, {"model": "admin.logentry", "pk": 105, "fields": {"action_time": "2023-09-18T22:07:13.514Z", "user": 36, "content_type": 14, "object_id": "26", "object_repr": "202309092026", "action_flag": 3, "change_message": ""}}, {"model": "admin.logentry", "pk": 106, "fields": {"action_time": "2023-09-18T22:07:13.515Z", "user": 36, "content_type": 14, "object_id": "25", "object_repr": "202309092025", "action_flag": 3, "change_message": ""}}, {"model": "admin.logentry", "pk": 107, "fields": {"action_time": "2023-09-18T22:07:13.517Z", "user": 36, "content_type": 14, "object_id": "24", "object_repr": "202309092024", "action_flag": 3, "change_message": ""}}, {"model": "admin.logentry", "pk": 108, "fields": {"action_time": "2023-09-18T22:07:13.519Z", "user": 36, "content_type": 14, "object_id": "23", "object_repr": "202309092023", "action_flag": 3, "change_message": ""}}, {"model": "admin.logentry", "pk": 109, "fields": {"action_time": "2023-09-18T22:07:13.521Z", "user": 36, "content_type": 14, "object_id": "22", "object_repr": "202309090022", "action_flag": 3, "change_message": ""}}, {"model": "admin.logentry", "pk": 110, "fields": {"action_time": "2023-09-18T23:19:36.603Z", "user": 36, "content_type": 14, "object_id": "64", "object_repr": "202309190064", "action_flag": 3, "change_message": ""}}, {"model": "admin.logentry", "pk": 111, "fields": {"action_time": "2023-09-19T14:22:44.393Z", "user": 36, "content_type": 14, "object_id": "65", "object_repr": "202309190165", "action_flag": 3, "change_message": ""}}, {"model": "admin.logentry", "pk": 112, "fields": {"action_time": "2023-09-22T23:01:03.023Z", "user": 36, "content_type": 6, "object_id": "34", "object_repr": "iradisavljevic168@gmail.com", "action_flag": 3, "change_message": ""}}, {"model": "admin.logentry", "pk": 113, "fields": {"action_time": "2023-09-23T17:37:48.996Z", "user": 36, "content_type": 6, "object_id": "37", "object_repr": "iradisavljevic168@gmail.com", "action_flag": 3, "change_message": ""}}, {"model": "admin.logentry", "pk": 114, "fields": {"action_time": "2023-09-23T17:50:11.551Z", "user": 36, "content_type": 6, "object_id": "38", "object_repr": "iradisavljevic168@gmail.com", "action_flag": 3, "change_message": ""}}, {"model": "admin.logentry", "pk": 115, "fields": {"action_time": "2023-09-23T18:01:49.814Z", "user": 36, "content_type": 6, "object_id": "39", "object_repr": "iradisavljevic168@gmail.com", "action_flag": 3, "change_message": ""}}, {"model": "admin.logentry", "pk": 116, "fields": {"action_time": "2023-09-23T20:13:17.354Z", "user": 36, "content_type": 6, "object_id": "40", "object_repr": "iradisavljevic168@gmail.com", "action_flag": 2, "change_message": "[{\"changed\": {\"fields\": [\"Is active\"]}}]"}}, {"model": "admin.logentry", "pk": 117, "fields": {"action_time": "2023-09-23T20:16:11.820Z", "user": 36, "content_type": 6, "object_id": "40", "object_repr": "iradisavljevic168@gmail.com", "action_flag": 3, "change_message": ""}}, {"model": "admin.logentry", "pk": 118, "fields": {"action_time": "2023-09-23T20:21:27.869Z", "user": 36, "content_type": 7, "object_id": "41", "object_repr": "iradisavljevic168@gmail.com", "action_flag": 2, "change_message": "[{\"changed\": {\"fields\": [\"Address\", \"Country\", \"State\", \"City\", \"Pin code\"]}}]"}}, {"model": "admin.logentry", "pk": 119, "fields": {"action_time": "2023-09-23T22:59:41.040Z", "user": 36, "content_type": 9, "object_id": "1", "object_repr": "Chicken Tandoori Special", "action_flag": 2, "change_message": "[{\"changed\": {\"fields\": [\"Food title\", \"Slug\"]}}]"}}, {"model": "admin.logentry", "pk": 120, "fields": {"action_time": "2023-09-24T17:15:08.794Z", "user": 36, "content_type": 14, "object_id": "72", "object_repr": "202309241972", "action_flag": 3, "change_message": ""}}, {"model": "admin.logentry", "pk": 121, "fields": {"action_time": "2023-12-09T20:32:16.043Z", "user": 36, "content_type": 8, "object_id": "2", "object_repr": "Conrad", "action_flag": 3, "change_message": ""}}, {"model": "admin.logentry", "pk": 122, "fields": {"action_time": "2023-12-09T20:39:09.910Z", "user": 36, "content_type": 6, "object_id": "35", "object_repr": "radisav80@yahoo.com", "action_flag": 3, "change_message": ""}}, {"model": "admin.logentry", "pk": 123, "fields": {"action_time": "2023-12-11T19:19:06.657Z", "user": 36, "content_type": 7, "object_id": "42", "object_repr": "radisav80@yahoo.com", "action_flag": 2, "change_message": "[]"}}, {"model": "admin.logentry", "pk": 124, "fields": {"action_time": "2023-12-11T19:26:00.162Z", "user": 36, "content_type": 8, "object_id": "3", "object_repr": "Buena Vida", "action_flag": 2, "change_message": "[]"}}, {"model": "admin.logentry", "pk": 125, "fields": {"action_time": "2023-12-11T19:36:29.396Z", "user": 36, "content_type": 8, "object_id": "3", "object_repr": "Buena Vida", "action_flag": 2, "change_message": "[{\"changed\": {\"fields\": [\"Is approved\"]}}]"}}, {"model": "admin.logentry", "pk": 126, "fields": {"action_time": "2023-12-12T22:48:09.871Z", "user": 36, "content_type": 8, "object_id": "4", "object_repr": "Magellan", "action_flag": 2, "change_message": "[]"}}, {"model": "admin.logentry", "pk": 127, "fields": {"action_time": "2023-12-12T22:49:27.977Z", "user": 36, "content_type": 8, "object_id": "4", "object_repr": "Magellan", "action_flag": 2, "change_message": "[{\"changed\": {\"fields\": [\"Is approved\"]}}]"}}, {"model": "admin.logentry", "pk": 128, "fields": {"action_time": "2023-12-12T22:52:45.267Z", "user": 36, "content_type": 8, "object_id": "4", "object_repr": "Magellan", "action_flag": 3, "change_message": ""}}, {"model": "admin.logentry", "pk": 129, "fields": {"action_time": "2023-12-13T20:06:22.402Z", "user": 36, "content_type": 6, "object_id": "43", "object_repr": "milanradi@yahoo.com", "action_flag": 3, "change_message": ""}}, {"model": "admin.logentry", "pk": 130, "fields": {"action_time": "2023-12-13T21:39:11.544Z", "user": 36, "content_type": 7, "object_id": "44", "object_repr": "milanradi@yahoo.com", "action_flag": 2, "change_message": "[]"}}, {"model": "admin.logentry", "pk": 131, "fields": {"action_time": "2023-12-13T21:42:36.303Z", "user": 36, "content_type": 8, "object_id": "5", "object_repr": "Magellan", "action_flag": 2, "change_message": "[{\"changed\": {\"fields\": [\"Is approved\"]}}]"}}, {"model": "admin.logentry", "pk": 132, "fields": {"action_time": "2023-12-13T21:42:46.124Z", "user": 36, "content_type": 8, "object_id": "5", "object_repr": "Magellan", "action_flag": 2, "change_message": "[]"}}, {"model": "admin.logentry", "pk": 133, "fields": {"action_time": "2023-12-14T17:47:34.088Z", "user": 36, "content_type": 9, "object_id": "8", "object_repr": "Cheeseburger", "action_flag": 1, "change_message": "[{\"added\": {}}]"}}, {"model": "admin.logentry", "pk": 134, "fields": {"action_time": "2023-12-14T17:50:06.068Z", "user": 36, "content_type": 9, "object_id": "9", "object_repr": "Margherita 12", "action_flag": 1, "change_message": "[{\"added\": {}}]"}}, {"model": "admin.logentry", "pk": 135, "fields": {"action_time": "2023-12-14T17:51:56.954Z", "user": 36, "content_type": 9, "object_id": "10", "object_repr": "Chicken Rogan Josh", "action_flag": 1, "change_message": "[{\"added\": {}}]"}}, {"model": "admin.logentry", "pk": 136, "fields": {"action_time": "2023-12-14T17:53:18.310Z", "user": 36, "content_type": 9, "object_id": "11", "object_repr": "Chicken Wrap", "action_flag": 1, "change_message": "[{\"added\": {}}]"}}, {"model": "admin.logentry", "pk": 137, "fields": {"action_time": "2023-12-14T18:52:26.357Z", "user": 36, "content_type": 9, "object_id": "12", "object_repr": "Chapatti", "action_flag": 1, "change_message": "[{\"added\": {}}]"}}, {"model": "admin.logentry", "pk": 138, "fields": {"action_time": "2023-12-14T18:54:51.453Z", "user": 36, "content_type": 9, "object_id": "13", "object_repr": "Chicken Tandoori Special  Deep Pan", "action_flag": 1, "change_message": "[{\"added\": {}}]"}}, {"model": "admin.logentry", "pk": 139, "fields": {"action_time": "2023-12-14T18:57:23.835Z", "user": 36, "content_type": 9, "object_id": "14", "object_repr": "Chilli Sauce", "action_flag": 1, "change_message": "[{\"added\": {}}]"}}, {"model": "admin.logentry", "pk": 140, "fields": {"action_time": "2023-12-14T19:01:33.597Z", "user": 36, "content_type": 9, "object_id": "15", "object_repr": "Donner Meat", "action_flag": 1, "change_message": "[{\"added\": {}}]"}}, {"model": "admin.logentry", "pk": 141, "fields": {"action_time": "2023-12-14T21:24:04.866Z", "user": 36, "content_type": 9, "object_id": "14", "object_repr": "Chilli Sauce", "action_flag": 2, "change_message": "[{\"changed\": {\"fields\": [\"Description\"]}}]"}}, {"model": "admin.logentry", "pk": 142, "fields": {"action_time": "2023-12-14T21:46:34.829Z", "user": 36, "content_type": 9, "object_id": "16", "object_repr": "Popcorn Chicken", "action_flag": 1, "change_message": "[{\"added\": {}}]"}}, {"model": "admin.logentry", "pk": 143, "fields": {"action_time": "2023-12-14T21:48:13.991Z", "user": 36, "content_type": 9, "object_id": "17", "object_repr": "Bombay Potato", "action_flag": 1, "change_message": "[{\"added\": {}}]"}}, {"model": "admin.logentry", "pk": 144, "fields": {"action_time": "2023-12-14T21:49:38.934Z", "user": 36, "content_type": 9, "object_id": "18", "object_repr": "Boiled Rice", "action_flag": 1, "change_message": "[{\"added\": {}}]"}}, {"model": "admin.logentry", "pk": 145, "fields": {"action_time": "2023-12-14T22:08:59.381Z", "user": 36, "content_type": 9, "object_id": "10", "object_repr": "Chicken Rogan Josh", "action_flag": 2, "change_message": "[{\"changed\": {\"fields\": [\"Description\"]}}]"}}, {"model": "admin.logentry", "pk": 146, "fields": {"action_time": "2023-12-14T22:09:33.124Z", "user": 36, "content_type": 9, "object_id": "10", "object_repr": "Chicken Rogan Josh", "action_flag": 2, "change_message": "[{\"changed\": {\"fields\": [\"Description\"]}}]"}}, {"model": "admin.logentry", "pk": 147, "fields": {"action_time": "2023-12-14T22:09:52.971Z", "user": 36, "content_type": 9, "object_id": "15", "object_repr": "Donner Meat", "action_flag": 2, "change_message": "[{\"changed\": {\"fields\": [\"Description\"]}}]"}}, {"model": "admin.logentry", "pk": 148, "fields": {"action_time": "2023-12-14T22:10:15.828Z", "user": 36, "content_type": 9, "object_id": "11", "object_repr": "Chicken Wrap", "action_flag": 2, "change_message": "[{\"changed\": {\"fields\": [\"Description\"]}}]"}}, {"model": "admin.logentry", "pk": 149, "fields": {"action_time": "2023-12-14T22:10:54.219Z", "user": 36, "content_type": 9, "object_id": "18", "object_repr": "Boiled Rice", "action_flag": 2, "change_message": "[]"}}, {"model": "admin.logentry", "pk": 150, "fields": {"action_time": "2023-12-14T22:11:06.517Z", "user": 36, "content_type": 9, "object_id": "17", "object_repr": "Bombay Potato", "action_flag": 2, "change_message": "[{\"changed\": {\"fields\": [\"Description\"]}}]"}}, {"model": "admin.logentry", "pk": 151, "fields": {"action_time": "2023-12-14T22:11:15.061Z", "user": 36, "content_type": 9, "object_id": "16", "object_repr": "Popcorn Chicken", "action_flag": 2, "change_message": "[]"}}, {"model": "admin.logentry", "pk": 152, "fields": {"action_time": "2023-12-14T22:11:21.058Z", "user": 36, "content_type": 9, "object_id": "15", "object_repr": "Donner Meat", "action_flag": 2, "change_message": "[]"}}, {"model": "admin.logentry", "pk": 153, "fields": {"action_time": "2023-12-14T22:11:39.051Z", "user": 36, "content_type": 9, "object_id": "14", "object_repr": "Chilli Sauce", "action_flag": 2, "change_message": "[{\"changed\": {\"fields\": [\"Description\"]}}]"}}, {"model": "admin.logentry", "pk": 154, "fields": {"action_time": "2023-12-14T22:11:45.434Z", "user": 36, "content_type": 9, "object_id": "13", "object_repr": "Chicken Tandoori Special  Deep Pan", "action_flag": 2, "change_message": "[]"}}, {"model": "admin.logentry", "pk": 155, "fields": {"action_time": "2023-12-14T22:11:58.636Z", "user": 36, "content_type": 9, "object_id": "12", "object_repr": "Chapatti", "action_flag": 2, "change_message": "[]"}}, {"model": "admin.logentry", "pk": 156, "fields": {"action_time": "2023-12-14T22:12:04.326Z", "user": 36, "content_type": 9, "object_id": "11", "object_repr": "Chicken Wrap", "action_flag": 2, "change_message": "[]"}}, {"model": "admin.logentry", "pk": 157, "fields": {"action_time": "2023-12-14T22:12:10.972Z", "user": 36, "content_type": 9, "object_id": "10", "object_repr": "Chicken Rogan Josh", "action_flag": 2, "change_message": "[]"}}, {"model": "admin.logentry", "pk": 158, "fields": {"action_time": "2023-12-14T22:12:16.670Z", "user": 36, "content_type": 9, "object_id": "9", "object_repr": "Margherita 12", "action_flag": 2, "change_message": "[]"}}, {"model": "admin.logentry", "pk": 159, "fields": {"action_time": "2023-12-14T22:12:21.233Z", "user": 36, "content_type": 9, "object_id": "8", "object_repr": "Cheeseburger", "action_flag": 2, "change_message": "[]"}}, {"model": "admin.logentry", "pk": 160, "fields": {"action_time": "2023-12-14T22:38:09.391Z", "user": 36, "content_type": 9, "object_id": "10", "object_repr": "Chicken Rogan Josh", "action_flag": 2, "change_message": "[]"}}, {"model": "admin.logentry", "pk": 161, "fields": {"action_time": "2023-12-14T22:43:14.791Z", "user": 36, "content_type": 16, "object_id": "33", "object_repr": "Chicken Rogan Josh", "action_flag": 3, "change_message": ""}}, {"model": "admin.logentry", "pk": 162, "fields": {"action_time": "2023-12-14T22:43:44.303Z", "user": 36, "content_type": 14, "object_id": "73", "object_repr": "202312142373", "action_flag": 3, "change_message": ""}}, {"model": "admin.logentry", "pk": 163, "fields": {"action_time": "2023-12-14T22:44:08.735Z", "user": 36, "content_type": 15, "object_id": "23", "object_repr": "5VY95123KL8987949", "action_flag": 3, "change_message": ""}}, {"model": "auth.permission", "pk": 1, "fields": {"name": "Can add log entry", "content_type": 1, "codename": "add_logentry"}}, {"model": "auth.permission", "pk": 2, "fields": {"name": "Can change log entry", "content_type": 1, "codename": "change_logentry"}}, {"model": "auth.permission", "pk": 3, "fields": {"name": "Can delete log entry", "content_type": 1, "codename": "delete_logentry"}}, {"model": "auth.permission", "pk": 4, "fields": {"name": "Can view log entry", "content_type": 1, "codename": "view_logentry"}}, {"model": "auth.permission", "pk": 5, "fields": {"name": "Can add permission", "content_type": 2, "codename": "add_permission"}}, {"model": "auth.permission", "pk": 6, "fields": {"name": "Can change permission", "content_type": 2, "codename": "change_permission"}}, {"model": "auth.permission", "pk": 7, "fields": {"name": "Can delete permission", "content_type": 2, "codename": "delete_permission"}}, {"model": "auth.permission", "pk": 8, "fields": {"name": "Can view permission", "content_type": 2, "codename": "view_permission"}}, {"model": "auth.permission", "pk": 9, "fields": {"name": "Can add group", "content_type": 3, "codename": "add_group"}}, {"model": "auth.permission", "pk": 10, "fields": {"name": "Can change group", "content_type": 3, "codename": "change_group"}}, {"model": "auth.permission", "pk": 11, "fields": {"name": "Can delete group", "content_type": 3, "codename": "delete_group"}}, {"model": "auth.permission", "pk": 12, "fields": {"name": "Can view group", "content_type": 3, "codename": "view_group"}}, {"model": "auth.permission", "pk": 13, "fields": {"name": "Can add content type", "content_type": 4, "codename": "add_contenttype"}}, {"model": "auth.permission", "pk": 14, "fields": {"name": "Can change content type", "content_type": 4, "codename": "change_contenttype"}}, {"model": "auth.permission", "pk": 15, "fields": {"name": "Can delete content type", "content_type": 4, "codename": "delete_contenttype"}}, {"model": "auth.permission", "pk": 16, "fields": {"name": "Can view content type", "content_type": 4, "codename": "view_contenttype"}}, {"model": "auth.permission", "pk": 17, "fields": {"name": "Can add session", "content_type": 5, "codename": "add_session"}}, {"model": "auth.permission", "pk": 18, "fields": {"name": "Can change session", "content_type": 5, "codename": "change_session"}}, {"model": "auth.permission", "pk": 19, "fields": {"name": "Can delete session", "content_type": 5, "codename": "delete_session"}}, {"model": "auth.permission", "pk": 20, "fields": {"name": "Can view session", "content_type": 5, "codename": "view_session"}}, {"model": "auth.permission", "pk": 21, "fields": {"name": "Can add user", "content_type": 6, "codename": "add_user"}}, {"model": "auth.permission", "pk": 22, "fields": {"name": "Can change user", "content_type": 6, "codename": "change_user"}}, {"model": "auth.permission", "pk": 23, "fields": {"name": "Can delete user", "content_type": 6, "codename": "delete_user"}}, {"model": "auth.permission", "pk": 24, "fields": {"name": "Can view user", "content_type": 6, "codename": "view_user"}}, {"model": "auth.permission", "pk": 25, "fields": {"name": "Can add user profile", "content_type": 7, "codename": "add_userprofile"}}, {"model": "auth.permission", "pk": 26, "fields": {"name": "Can change user profile", "content_type": 7, "codename": "change_userprofile"}}, {"model": "auth.permission", "pk": 27, "fields": {"name": "Can delete user profile", "content_type": 7, "codename": "delete_userprofile"}}, {"model": "auth.permission", "pk": 28, "fields": {"name": "Can view user profile", "content_type": 7, "codename": "view_userprofile"}}, {"model": "auth.permission", "pk": 29, "fields": {"name": "Can add vendor", "content_type": 8, "codename": "add_vendor"}}, {"model": "auth.permission", "pk": 30, "fields": {"name": "Can change vendor", "content_type": 8, "codename": "change_vendor"}}, {"model": "auth.permission", "pk": 31, "fields": {"name": "Can delete vendor", "content_type": 8, "codename": "delete_vendor"}}, {"model": "auth.permission", "pk": 32, "fields": {"name": "Can view vendor", "content_type": 8, "codename": "view_vendor"}}, {"model": "auth.permission", "pk": 33, "fields": {"name": "Can add product food", "content_type": 9, "codename": "add_productfood"}}, {"model": "auth.permission", "pk": 34, "fields": {"name": "Can change product food", "content_type": 9, "codename": "change_productfood"}}, {"model": "auth.permission", "pk": 35, "fields": {"name": "Can delete product food", "content_type": 9, "codename": "delete_productfood"}}, {"model": "auth.permission", "pk": 36, "fields": {"name": "Can view product food", "content_type": 9, "codename": "view_productfood"}}, {"model": "auth.permission", "pk": 37, "fields": {"name": "Can add category", "content_type": 10, "codename": "add_category"}}, {"model": "auth.permission", "pk": 38, "fields": {"name": "Can change category", "content_type": 10, "codename": "change_category"}}, {"model": "auth.permission", "pk": 39, "fields": {"name": "Can delete category", "content_type": 10, "codename": "delete_category"}}, {"model": "auth.permission", "pk": 40, "fields": {"name": "Can view category", "content_type": 10, "codename": "view_category"}}, {"model": "auth.permission", "pk": 41, "fields": {"name": "Can add food cart", "content_type": 11, "codename": "add_foodcart"}}, {"model": "auth.permission", "pk": 42, "fields": {"name": "Can change food cart", "content_type": 11, "codename": "change_foodcart"}}, {"model": "auth.permission", "pk": 43, "fields": {"name": "Can delete food cart", "content_type": 11, "codename": "delete_foodcart"}}, {"model": "auth.permission", "pk": 44, "fields": {"name": "Can view food cart", "content_type": 11, "codename": "view_foodcart"}}, {"model": "auth.permission", "pk": 45, "fields": {"name": "Can add opening hours", "content_type": 12, "codename": "add_openinghours"}}, {"model": "auth.permission", "pk": 46, "fields": {"name": "Can change opening hours", "content_type": 12, "codename": "change_openinghours"}}, {"model": "auth.permission", "pk": 47, "fields": {"name": "Can delete opening hours", "content_type": 12, "codename": "delete_openinghours"}}, {"model": "auth.permission", "pk": 48, "fields": {"name": "Can view opening hours", "content_type": 12, "codename": "view_openinghours"}}, {"model": "auth.permission", "pk": 49, "fields": {"name": "Can add tax", "content_type": 13, "codename": "add_tax"}}, {"model": "auth.permission", "pk": 50, "fields": {"name": "Can change tax", "content_type": 13, "codename": "change_tax"}}, {"model": "auth.permission", "pk": 51, "fields": {"name": "Can delete tax", "content_type": 13, "codename": "delete_tax"}}, {"model": "auth.permission", "pk": 52, "fields": {"name": "Can view tax", "content_type": 13, "codename": "view_tax"}}, {"model": "auth.permission", "pk": 53, "fields": {"name": "Can add order", "content_type": 14, "codename": "add_order"}}, {"model": "auth.permission", "pk": 54, "fields": {"name": "Can change order", "content_type": 14, "codename": "change_order"}}, {"model": "auth.permission", "pk": 55, "fields": {"name": "Can delete order", "content_type": 14, "codename": "delete_order"}}, {"model": "auth.permission", "pk": 56, "fields": {"name": "Can view order", "content_type": 14, "codename": "view_order"}}, {"model": "auth.permission", "pk": 57, "fields": {"name": "Can add payment", "content_type": 15, "codename": "add_payment"}}, {"model": "auth.permission", "pk": 58, "fields": {"name": "Can change payment", "content_type": 15, "codename": "change_payment"}}, {"model": "auth.permission", "pk": 59, "fields": {"name": "Can delete payment", "content_type": 15, "codename": "delete_payment"}}, {"model": "auth.permission", "pk": 60, "fields": {"name": "Can view payment", "content_type": 15, "codename": "view_payment"}}, {"model": "auth.permission", "pk": 61, "fields": {"name": "Can add ordered food", "content_type": 16, "codename": "add_orderedfood"}}, {"model": "auth.permission", "pk": 62, "fields": {"name": "Can change ordered food", "content_type": 16, "codename": "change_orderedfood"}}, {"model": "auth.permission", "pk": 63, "fields": {"name": "Can delete ordered food", "content_type": 16, "codename": "delete_orderedfood"}}, {"model": "auth.permission", "pk": 64, "fields": {"name": "Can view ordered food", "content_type": 16, "codename": "view_orderedfood"}}, {"model": "contenttypes.contenttype", "pk": 1, "fields": {"app_label": "admin", "model": "logentry"}}, {"model": "contenttypes.contenttype", "pk": 2, "fields": {"app_label": "auth", "model": "permission"}}, {"model": "contenttypes.contenttype", "pk": 3, "fields": {"app_label": "auth", "model": "group"}}, {"model": "contenttypes.contenttype", "pk": 4, "fields": {"app_label": "contenttypes", "model": "contenttype"}}, {"model": "contenttypes.contenttype", "pk": 5, "fields": {"app_label": "sessions", "model": "session"}}, {"model": "contenttypes.contenttype", "pk": 6, "fields": {"app_label": "accounts", "model": "user"}}, {"model": "contenttypes.contenttype", "pk": 7, "fields": {"app_label": "accounts", "model": "userprofile"}}, {"model": "contenttypes.contenttype", "pk": 8, "fields": {"app_label": "vendor", "model": "vendor"}}, {"model": "contenttypes.contenttype", "pk": 9, "fields": {"app_label": "menu", "model": "productfood"}}, {"model": "contenttypes.contenttype", "pk": 10, "fields": {"app_label": "menu", "model": "category"}}, {"model": "contenttypes.contenttype", "pk": 11, "fields": {"app_label": "marketplace", "model": "foodcart"}}, {"model": "contenttypes.contenttype", "pk": 12, "fields": {"app_label": "vendor", "model": "openinghours"}}, {"model": "contenttypes.contenttype", "pk": 13, "fields": {"app_label": "marketplace", "model": "tax"}}, {"model": "contenttypes.contenttype", "pk": 14, "fields": {"app_label": "orders", "model": "order"}}, {"model": "contenttypes.contenttype", "pk": 15, "fields": {"app_label": "orders", "model": "payment"}}, {"model": "contenttypes.contenttype", "pk": 16, "fields": {"app_label": "orders", "model": "orderedfood"}}, {"model": "sessions.session", "pk": "821dkzudjw4fuagx4utg4cw30z2dbe82", "fields": {"session_data": ".eJxVjMEOwiAQRP-FsyGy0NL16L3fQBbYlaopSWlPxn_XJj3obTLvzbxUoG0tYWu8hCmri3JOnX7LSOnB807yneZb1anO6zJFvSv6oE2PNfPzerh_B4Va2dcmGXbGEwwi3-BQ0CFl6YxnKx479MJ93w8Jc4QhsWU4mw4B2AKIen8AEc83-w:1rE9gi:5AfWPjdQpixA6-ZA_RgCMK_GKatzLBp88yP1UQD7RU8", "expire_date": "2023-12-29T15:01:16.720Z"}}, {"model": "sessions.session", "pk": "h6rurza2755nhdwweg0ktnb4nkfsrt84", "fields": {"session_data": ".eJxVjMsOgjAUBf-la9MALaXXpXu_gfS-LGpKQmFl_HclYaHbMzPnZca0rXncqizjxOZsWnP63TDRQ8oO-J7KbbY0l3WZ0O6KPWi115nleTncv4Ocav7WoqIdeNcn8UMkD6qDNq0E1i4SMoQAfYOtixiYIyYGBSBHzveN82TeHwWJOIU:1qQEvD:pIw7WVtdshNjedOif6C-6dlBLIUaYdtJc1momsGpxOU", "expire_date": "2023-08-13T22:29:55.511Z"}}, {"model": "sessions.session", "pk": "w49j6on21aqvsup5sj2bmcgwbbsl5opd", "fields": {"session_data": ".eJxVjMsOwiAQRf-FtSGFMjxcuvcbCMwMUjU0Ke3K-O_apAvd3nPOfYmYtrXGrfMSJxJnMYI4_Y454YPbTuie2m2WOLd1mbLcFXnQLq8z8fNyuH8HNfX6rUPR6LBoX4hNAQSiTMqpQQ-BPVlnPWc0ykAA5RxA0paoqBGAimUv3h8jYThX:1qVJmT:TrBe1Dd7qULcfeoMtUZYdQ_lifGeuRMyn0ApmSE27f4", "expire_date": "2023-08-27T22:41:53.628Z"}}, {"model": "accounts.user", "pk": 36, "fields": {"password": "pbkdf2_sha256$600000$Y4bnrclev5OsdeOIeACM4M$TnT9IeCstPTprqUZxnQPqgAUmlKi8YURoVjOV697ULk=", "first_name": "Ivan", "last_name": "Nesic", "username": "ivan1980", "email": "ivan1980@gmail.com", "role": null, "date_joined": "2023-09-08T22:47:07.165Z", "last_login": "2023-12-14T17:36:30.615Z", "created_date": "2023-09-08T22:47:07.165Z", "modified_date": "2023-09-08T22:47:07.165Z", "is_admin": true, "is_active": true, "is_staff": true, "is_superadmin": true}}, {"model": "accounts.user", "pk": 41, "fields": {"password": "pbkdf2_sha256$600000$09fI1wW5tWkvC7z41zZtzz$ea0djGEZe5TG/byD1US+pdcN+JtySUiQlO4UTeES69k=", "first_name": "Ivan", "last_name": "Radisavljevic", "username": "ivan2102", "email": "iradisavljevic168@gmail.com", "role": 2, "date_joined": "2023-09-23T20:17:04.762Z", "last_login": "2023-12-13T20:06:58.037Z", "created_date": "2023-09-23T20:17:04.762Z", "modified_date": "2023-09-23T20:17:04.762Z", "is_admin": false, "is_active": true, "is_staff": false, "is_superadmin": false}}, {"model": "accounts.user", "pk": 42, "fields": {"password": "pbkdf2_sha256$600000$o7G4xBtROikjiTuFCPpwtF$Wa/9yRcxptF/P9vkb7TZDF+PQT4sYL8UeW+17srt+tw=", "first_name": "Ivan", "last_name": "Radisavljevic", "username": "radisav80", "email": "radisav80@yahoo.com", "role": 1, "date_joined": "2023-12-09T20:47:50.271Z", "last_login": "2023-12-15T14:57:43.482Z", "created_date": "2023-12-09T20:47:50.271Z", "modified_date": "2023-12-09T20:47:50.271Z", "is_admin": false, "is_active": true, "is_staff": false, "is_superadmin": false}}, {"model": "accounts.user", "pk": 44, "fields": {"password": "pbkdf2_sha256$600000$mzIleTwa9URJSUHfZE7zF6$dFROs6bXM7H8vVcRywADVdsTML/F7h+JBYy/ZccLX9k=", "first_name": "Milan", "last_name": "Radisavljevic", "username": "milanradi", "email": "milanradi@yahoo.com", "role": 1, "date_joined": "2023-12-13T21:22:27.697Z", "last_login": "2023-12-15T15:01:16.708Z", "created_date": "2023-12-13T21:22:27.697Z", "modified_date": "2023-12-13T21:22:27.697Z", "is_admin": false, "is_active": true, "is_staff": false, "is_superadmin": false}}, {"model": "accounts.userprofile", "pk": 36, "fields": {"user": 36, "profile_picture": "", "cover_photo": "", "address": null, "country": null, "state": null, "city": null, "pin_code": null, "created_at": "2023-09-08T22:47:07.205Z", "modified_at": "2023-09-08T22:47:07.205Z"}}, {"model": "accounts.userprofile", "pk": 41, "fields": {"user": 41, "profile_picture": "", "cover_photo": "", "address": "Prote Mateje 9", "country": "Serbia", "state": "Serbia", "city": "Belgrade", "pin_code": "11000", "created_at": "2023-09-23T20:17:04.781Z", "modified_at": "2023-09-23T20:17:04.781Z"}}, {"model": "accounts.userprofile", "pk": 42, "fields": {"user": 42, "profile_picture": "users/profile_pictures/restaurant-7.jpg", "cover_photo": "users/cover_photos/cover-photo.5_GhNoDLh.jpg", "address": "Boulevard Milutina Milankovića 1", "country": "Serbia", "state": "Serbia", "city": "Belgrade", "pin_code": "11000", "created_at": "2023-12-09T20:47:50.302Z", "modified_at": "2023-12-09T20:47:50.302Z"}}, {"model": "accounts.userprofile", "pk": 44, "fields": {"user": 44, "profile_picture": "users/profile_pictures/restaurant-2.jpg", "cover_photo": "users/cover_photos/cover-photo.10.jpg", "address": "Jurija Gagarina 14", "country": "Serbia", "state": "Serbia", "city": "Belgrade", "pin_code": "11000", "created_at": "2023-12-13T21:22:27.734Z", "modified_at": "2023-12-13T21:22:27.735Z"}}, {"model": "vendor.vendor", "pk": 3, "fields": {"user": 42, "user_profile": 42, "vendor_name": "Buena Vida", "vendor_slug": "buena-vida-42", "is_approved": true, "created_at": "2023-12-09T20:47:50.420Z", "modified_at": "2023-12-09T20:47:50.420Z"}}, {"model": "vendor.vendor", "pk": 5, "fields": {"user": 44, "user_profile": 44, "vendor_name": "Magellan", "vendor_slug": "magellan-44", "is_approved": true, "created_at": "2023-12-13T21:22:27.844Z", "modified_at": "2023-12-13T21:22:27.844Z"}}, {"model": "menu.category", "pk": 7, "fields": {"vendor": 3, "category_name": "Pizza", "slug": "pizza", "description": "Margherita heese, tomatoes and italian herbs", "created_at": "2023-12-11T21:51:52.570Z", "updated_at": "2023-12-11T21:51:52.570Z"}}, {"model": "menu.category", "pk": 8, "fields": {"vendor": 3, "category_name": "Calzone", "slug": "calzone", "description": "Chicken Tandoori Special  Deep Pan\r\nCheese, tomatoes and italian herbs.", "created_at": "2023-12-11T22:00:01.020Z", "updated_at": "2023-12-11T22:00:01.020Z"}}, {"model": "menu.category", "pk": 9, "fields": {"vendor": 3, "category_name": "Burgers", "slug": "burgers", "description": "Cheeseburger\r\nTopped with pineapple and cheese", "created_at": "2023-12-11T22:00:58.215Z", "updated_at": "2023-12-11T22:00:58.215Z"}}, {"model": "menu.category", "pk": 10, "fields": {"vendor": 3, "category_name": "Chicken", "slug": "chicken", "description": "Chicken Piece On Its Own\r\nFried chicken is a dish consisting of chicken pieces usually from broiler chickens", "created_at": "2023-12-11T22:04:08.452Z", "updated_at": "2023-12-11T22:04:08.452Z"}}, {"model": "menu.category", "pk": 11, "fields": {"vendor": 3, "category_name": "Vegetarian dishes", "slug": "vegetarian-dishes", "description": "Garlic Mushroom\r\nAdd mushrooms and toss with garlic butter to coat", "created_at": "2023-12-11T22:04:46.081Z", "updated_at": "2023-12-11T22:04:46.081Z"}}, {"model": "menu.category", "pk": 12, "fields": {"vendor": 3, "category_name": "Rice", "slug": "rice", "description": "Mushroom Rice\r\nMelt butter in a saucepan over medium heat.", "created_at": "2023-12-11T22:05:27.726Z", "updated_at": "2023-12-11T22:05:27.726Z"}}, {"model": "menu.category", "pk": 13, "fields": {"vendor": 3, "category_name": "Bread", "slug": "bread", "description": "Chapatti\r\nThe Indus valley is known to be one of the ancestral lands of cultivated wheat", "created_at": "2023-12-11T22:06:02.805Z", "updated_at": "2023-12-11T22:06:02.805Z"}}, {"model": "menu.category", "pk": 14, "fields": {"vendor": 3, "category_name": "Sauces", "slug": "sauces", "description": "Mint Sauce\r\nMint sauce is a sauce traditionally made from finely chopped peppermint", "created_at": "2023-12-11T22:06:41.145Z", "updated_at": "2023-12-11T22:06:41.145Z"}}, {"model": "menu.category", "pk": 15, "fields": {"vendor": 5, "category_name": "Traditional curries", "slug": "traditional-curries-15", "description": "Chicken Rogan Josh It consists of braised lamb chunks cooked with a gravy", "created_at": "2023-12-13T23:42:49.189Z", "updated_at": "2023-12-13T23:42:49.189Z"}}, {"model": "menu.category", "pk": 16, "fields": {"vendor": 5, "category_name": "Specials", "slug": "specials-16", "description": "Donner Meat Prepared with onions, capsicums, garlic, fresh tomatoes", "created_at": "2023-12-13T23:43:55.813Z", "updated_at": "2023-12-13T23:43:55.813Z"}}, {"model": "menu.category", "pk": 17, "fields": {"vendor": 5, "category_name": "Wraps", "slug": "wraps-17", "description": "Chicken Wrap Sliced grilled chicken breast, nestled in a fresh mix of Green Leaf lettuce", "created_at": "2023-12-13T23:44:49.975Z", "updated_at": "2023-12-13T23:44:49.975Z"}}, {"model": "menu.productfood", "pk": 8, "fields": {"vendor": 3, "category": 9, "food_title": "Cheeseburger", "slug": "cheeseburger", "description": "Topped with pineapple and cheese", "price": "2.35", "image": "foodimages/cheeseburger.jpg", "is_available": true, "created_at": "2023-12-14T17:47:34.066Z", "updated_at": "2023-12-14T17:47:34.066Z"}}, {"model": "menu.productfood", "pk": 9, "fields": {"vendor": 3, "category": 7, "food_title": "Margherita 12", "slug": "margherita-12", "description": "heese, tomatoes and italian herbs", "price": "4.50", "image": "foodimages/pizza.jpg", "is_available": true, "created_at": "2023-12-14T17:50:06.052Z", "updated_at": "2023-12-14T17:50:06.052Z"}}, {"model": "menu.productfood", "pk": 10, "fields": {"vendor": 5, "category": 15, "food_title": "Chicken Rogan Josh", "slug": "chicken-rogan-josh", "description": "It consists of braised lamb chunks cooked with a gravy", "price": "3.75", "image": "foodimages/chicken.jpg", "is_available": true, "created_at": "2023-12-14T17:51:56.950Z", "updated_at": "2023-12-14T17:51:56.950Z"}}, {"model": "menu.productfood", "pk": 11, "fields": {"vendor": 5, "category": 17, "food_title": "Chicken Wrap", "slug": "chicken-wrap", "description": "Sliced grilled chicken breast, nestled in a fresh mix", "price": "2.37", "image": "foodimages/chicken-wrap.jpg", "is_available": true, "created_at": "2023-12-14T17:53:18.299Z", "updated_at": "2023-12-14T17:53:18.299Z"}}, {"model": "menu.productfood", "pk": 12, "fields": {"vendor": 3, "category": 13, "food_title": "Chapatti", "slug": "chapatti", "description": "The Indus valley is known to be one of the ancestral lands of cultivated wheat", "price": "4.75", "image": "foodimages/chapati.jpg", "is_available": true, "created_at": "2023-12-14T18:52:26.345Z", "updated_at": "2023-12-14T18:52:26.345Z"}}, {"model": "menu.productfood", "pk": 13, "fields": {"vendor": 3, "category": 8, "food_title": "Chicken Tandoori Special  Deep Pan", "slug": "chicken-tandoori-special-deep-pan", "description": "Cheese, tomatoes, tuna fish, sweetcorn and italian herbs", "price": "5.50", "image": "foodimages/calzone.jpg", "is_available": true, "created_at": "2023-12-14T18:54:51.450Z", "updated_at": "2023-12-14T18:54:51.450Z"}}, {"model": "menu.productfood", "pk": 14, "fields": {"vendor": 3, "category": 14, "food_title": "Chilli Sauce", "slug": "chilli-sauce", "description": "Chilli sauce is a type of hot sauce made from a paste of chili peppers", "price": "6.75", "image": "foodimages/chilli-sauce.jpg", "is_available": true, "created_at": "2023-12-14T18:57:23.822Z", "updated_at": "2023-12-14T18:57:23.822Z"}}, {"model": "menu.productfood", "pk": 15, "fields": {"vendor": 5, "category": 16, "food_title": "Donner Meat", "slug": "donner-meat", "description": "Prepared with onions, capsicums, garlic, fresh tomatoes", "price": "3.30", "image": "foodimages/specials.jpg", "is_available": true, "created_at": "2023-12-14T19:01:33.594Z", "updated_at": "2023-12-14T19:01:33.594Z"}}, {"model": "menu.productfood", "pk": 16, "fields": {"vendor": 3, "category": 10, "food_title": "Popcorn Chicken", "slug": "popcorn-chicken", "description": "This is a wonderful Southern treat in which everyone will enjoy!", "price": "3.00", "image": "foodimages/chicken-1_lg2uC61.jpg", "is_available": true, "created_at": "2023-12-14T21:46:34.812Z", "updated_at": "2023-12-14T21:46:34.812Z"}}, {"model": "menu.productfood", "pk": 17, "fields": {"vendor": 3, "category": 11, "food_title": "Bombay Potato", "slug": "bombay-potato", "description": "Blend together the ginger, garlic and quartered tomato", "price": "4.99", "image": "foodimages/vegetarian.jpg", "is_available": true, "created_at": "2023-12-14T21:48:13.988Z", "updated_at": "2023-12-14T21:48:13.988Z"}}, {"model": "menu.productfood", "pk": 18, "fields": {"vendor": 3, "category": 12, "food_title": "Boiled Rice", "slug": "boiled-rice", "description": "Is rice that has been partially boiled in the husk", "price": "3.99", "image": "foodimages/rice.jpg", "is_available": true, "created_at": "2023-12-14T21:49:38.931Z", "updated_at": "2023-12-14T21:49:38.931Z"}}, {"model": "marketplace.foodcart", "pk": 43, "fields": {"user": 42, "fooditem": 9, "quantity": 1, "created_at": "2023-12-14T22:46:05.885Z", "updated_at": "2023-12-14T22:46:05.885Z"}}, {"model": "marketplace.foodcart", "pk": 46, "fields": {"user": 42, "fooditem": 13, "quantity": 1, "created_at": "2023-12-15T14:58:56.866Z", "updated_at": "2023-12-15T14:58:56.866Z"}}, {"model": "marketplace.foodcart", "pk": 47, "fields": {"user": 44, "fooditem": 15, "quantity": 2, "created_at": "2023-12-15T15:31:14.269Z", "updated_at": "2023-12-15T15:31:14.269Z"}}, {"model": "marketplace.foodcart", "pk": 48, "fields": {"user": 44, "fooditem": 11, "quantity": 1, "created_at": "2023-12-15T15:31:18.030Z", "updated_at": "2023-12-15T15:31:18.030Z"}}, {"model": "marketplace.tax", "pk": 1, "fields": {"tax_type": "DKP", "tax_percentage": "6.60", "is_active": true}}, {"model": "orders.payment", "pk": 20, "fields": {"user": 41, "transaction_id": "4P378327C02796829", "payment_method": "PayPal", "amount": "8.53", "status": "COMPLETED", "created_at": "2023-09-23T20:44:20.347Z"}}, {"model": "orders.payment", "pk": 21, "fields": {"user": 41, "transaction_id": "6917955113722041N", "payment_method": "PayPal", "amount": "8.53", "status": "COMPLETED", "created_at": "2023-09-23T22:21:39.062Z"}}, {"model": "orders.payment", "pk": 22, "fields": {"user": 41, "transaction_id": "94291112R5570752D", "payment_method": "PayPal", "amount": "8.53", "status": "COMPLETED", "created_at": "2023-09-24T17:09:18.402Z"}}, {"model": "orders.payment", "pk": 24, "fields": {"user": 42, "transaction_id": "2MV251225K4984350", "payment_method": "PayPal", "amount": "4.8", "status": "COMPLETED", "created_at": "2023-12-14T22:46:39.453Z"}}, {"model": "orders.payment", "pk": 25, "fields": {"user": 44, "transaction_id": "9UW0559413250670W", "payment_method": "PayPal", "amount": "6.04", "status": "COMPLETED", "created_at": "2023-12-14T23:49:50.841Z"}}, {"model": "orders.payment", "pk": 26, "fields": {"user": 42, "transaction_id": "7K1629916T247182V", "payment_method": "PayPal", "amount": "10.66", "status": "COMPLETED", "created_at": "2023-12-15T14:59:43.429Z"}}, {"model": "orders.payment", "pk": 27, "fields": {"user": 44, "transaction_id": "88H30581H0471204R", "payment_method": "PayPal", "amount": "6.04", "status": "COMPLETED", "created_at": "2023-12-15T15:31:51.041Z"}}, {"model": "orders.order", "pk": 66, "fields": {"user": null, "payment": null, "order_number": "202309191866", "first_name": "Ivan", "last_name": "Radisavljevic", "email": "iradisavljevic168@gmail.com", "address": "Repiska 25 Zarkovo", "country": "Serbia", "state": "Serbia", "city": "Belgrade", "pin_code": "11000", "total": 8.0, "tax_data": "{\"DKP\": {\"6.60\": 0.50}}", "total_data": "{\"2\": {\"4.00\": \"{'DKP': {'6.60': '0.26'}}\"}}", "payment_method": "PayPal", "status": "New", "is_ordered": true, "created_at": "2023-09-19T16:21:57.212Z", "updated_at": "2023-09-19T16:21:57.212Z", "vendors": []}}, {"model": "orders.order", "pk": 67, "fields": {"user": 41, "payment": 20, "order_number": "202309232267", "first_name": "Ivan", "last_name": "Radisavljevic", "email": "iradisavljevic168@gmail.com", "address": "Prote Mateje 9", "country": "Serbia", "state": "Serbia", "city": "Belgrade", "pin_code": "11000", "total": 8.53, "tax_data": "{\"DKP\": {\"6.60\": 0.53}}", "total_data": "{\"2\": {\"3.50\": \"{'DKP': {'6.60': '0.23'}}\"}}", "payment_method": "PayPal", "status": "New", "is_ordered": true, "created_at": "2023-09-23T20:43:52.630Z", "updated_at": "2023-09-23T20:43:52.630Z", "vendors": []}}, {"model": "orders.order", "pk": 68, "fields": {"user": 41, "payment": 21, "order_number": "202309240068", "first_name": "Ivan", "last_name": "Radisavljevic", "email": "iradisavljevic168@gmail.com", "address": "Prote Mateje 9", "country": "Serbia", "state": "Serbia", "city": "Belgrade", "pin_code": "11000", "total": 8.53, "tax_data": "{\"DKP\": {\"6.60\": 0.53}}", "total_data": "{\"2\": {\"3.50\": \"{'DKP': {'6.60': '0.23'}}\"}}", "payment_method": "PayPal", "status": "New", "is_ordered": true, "created_at": "2023-09-23T22:21:02.637Z", "updated_at": "2023-09-23T22:21:02.637Z", "vendors": []}}, {"model": "orders.order", "pk": 69, "fields": {"user": 41, "payment": null, "order_number": "202309240069", "first_name": "Ivan", "last_name": "Radisavljevic", "email": "iradisavljevic168@gmail.com", "address": "Prote Mateje 9", "country": "Serbia", "state": "Serbia", "city": "Belgrade", "pin_code": "11000", "total": 8.53, "tax_data": "{\"DKP\": {\"6.60\": 0.53}}", "total_data": "{\"2\": {\"3.50\": \"{'DKP': {'6.60': '0.23'}}\"}}", "payment_method": "PayPal", "status": "New", "is_ordered": false, "created_at": "2023-09-23T22:55:06.381Z", "updated_at": "2023-09-23T22:55:06.381Z", "vendors": []}}, {"model": "orders.order", "pk": 70, "fields": {"user": 41, "payment": null, "order_number": "202309240070", "first_name": "Ivan", "last_name": "Radisavljevic", "email": "iradisavljevic168@gmail.com", "address": "Prote Mateje 9", "country": "Serbia", "state": "Serbia", "city": "Belgrade", "pin_code": "11000", "total": 8.53, "tax_data": "{\"DKP\": {\"6.60\": 0.53}}", "total_data": "{\"2\": {\"3.50\": \"{'DKP': {'6.60': '0.23'}}\"}}", "payment_method": "PayPal", "status": "New", "is_ordered": false, "created_at": "2023-09-23T22:56:12.560Z", "updated_at": "2023-09-23T22:56:12.560Z", "vendors": []}}, {"model": "orders.order", "pk": 71, "fields": {"user": 41, "payment": null, "order_number": "202309240071", "first_name": "Ivan", "last_name": "Radisavljevic", "email": "iradisavljevic168@gmail.com", "address": "Prote Mateje 9", "country": "Serbia", "state": "Serbia", "city": "Belgrade", "pin_code": "11000", "total": 8.53, "tax_data": "{\"DKP\": {\"6.60\": 0.53}}", "total_data": "{\"2\": {\"3.50\": \"{'DKP': {'6.60': '0.23'}}\"}}", "payment_method": "PayPal", "status": "New", "is_ordered": false, "created_at": "2023-09-23T22:56:56.100Z", "updated_at": "2023-09-23T22:56:56.100Z", "vendors": []}}, {"model": "orders.order", "pk": 74, "fields": {"user": 42, "payment": 24, "order_number": "202312142374", "first_name": "Ivan", "last_name": "Radisavljevic", "email": "radisav80@yahoo.com", "address": "Boulevard Milutina Milankovića 1", "country": "Serbia", "state": "Serbia", "city": "Belgrade", "pin_code": "11000", "total": 4.8, "tax_data": "{\"DKP\": {\"6.60\": 0.30}}", "total_data": "{\"3\": {\"4.50\": \"{'DKP': {'6.60': '0.30'}}\"}}", "payment_method": "PayPal", "status": "New", "is_ordered": true, "created_at": "2023-12-14T22:46:24.752Z", "updated_at": "2023-12-14T22:46:24.752Z", "vendors": [3]}}, {"model": "orders.order", "pk": 75, "fields": {"user": 44, "payment": 25, "order_number": "202312150075", "first_name": "Milan", "last_name": "Radisavljevic", "email": "milanradi@yahoo.com", "address": "Jurija Gagarina 14", "country": "Serbia", "state": "Serbia", "city": "Belgrade", "pin_code": "11000", "total": 6.04, "tax_data": "{\"DKP\": {\"6.60\": 0.37}}", "total_data": "{\"5\": {\"2.37\": \"{'DKP': {'6.60': '0.16'}}\"}}", "payment_method": "PayPal", "status": "New", "is_ordered": true, "created_at": "2023-12-14T23:49:32.212Z", "updated_at": "2023-12-14T23:49:32.212Z", "vendors": [5]}}, {"model": "orders.order", "pk": 76, "fields": {"user": 42, "payment": 26, "order_number": "202312151576", "first_name": "Ivan", "last_name": "Radisavljevic", "email": "radisav80@yahoo.com", "address": "Boulevard Milutina Milankovića 1", "country": "Serbia", "state": "Serbia", "city": "Belgrade", "pin_code": "11000", "total": 10.66, "tax_data": "{\"DKP\": {\"6.60\": 0.66}}", "total_data": "{\"3\": {\"5.50\": \"{'DKP': {'6.60': '0.36'}}\"}}", "payment_method": "PayPal", "status": "New", "is_ordered": true, "created_at": "2023-12-15T14:59:11.967Z", "updated_at": "2023-12-15T14:59:11.967Z", "vendors": [3]}}, {"model": "orders.order", "pk": 77, "fields": {"user": 44, "payment": 27, "order_number": "202312151677", "first_name": "Milan", "last_name": "Radisavljevic", "email": "milanradi@yahoo.com", "address": "Jurija Gagarina 14", "country": "Serbia", "state": "Serbia", "city": "Belgrade", "pin_code": "11000", "total": 6.04, "tax_data": "{\"DKP\": {\"6.60\": 0.37}}", "total_data": "{\"5\": {\"2.37\": \"{'DKP': {'6.60': '0.16'}}\"}}", "payment_method": "PayPal", "status": "New", "is_ordered": true, "created_at": "2023-12-15T15:31:32.247Z", "updated_at": "2023-12-15T15:31:32.247Z", "vendors": [5]}}, {"model": "orders.orderedfood", "pk": 34, "fields": {"order": 74, "payment": 24, "user": 42, "fooditem": 9, "quantity": 1, "price": 4.5, "amount": 4.5, "created_at": "2023-12-14T22:46:39.488Z", "updated_at": "2023-12-14T22:46:39.488Z"}}, {"model": "orders.orderedfood", "pk": 35, "fields": {"order": 75, "payment": 25, "user": 44, "fooditem": 15, "quantity": 1, "price": 3.3, "amount": 3.3, "created_at": "2023-12-14T23:49:50.894Z", "updated_at": "2023-12-14T23:49:50.894Z"}}, {"model": "orders.orderedfood", "pk": 36, "fields": {"order": 75, "payment": 25, "user": 44, "fooditem": 11, "quantity": 1, "price": 2.37, "amount": 2.37, "created_at": "2023-12-14T23:49:50.910Z", "updated_at": "2023-12-14T23:49:50.910Z"}}, {"model": "orders.orderedfood", "pk": 37, "fields": {"order": 76, "payment": 26, "user": 42, "fooditem": 9, "quantity": 1, "price": 4.5, "amount": 4.5, "created_at": "2023-12-15T14:59:43.478Z", "updated_at": "2023-12-15T14:59:43.478Z"}}, {"model": "orders.orderedfood", "pk": 38, "fields": {"order": 76, "payment": 26, "user": 42, "fooditem": 13, "quantity": 1, "price": 5.5, "amount": 5.5, "created_at": "2023-12-15T14:59:43.491Z", "updated_at": "2023-12-15T14:59:43.491Z"}}, {"model": "orders.orderedfood", "pk": 39, "fields": {"order": 77, "payment": 27, "user": 44, "fooditem": 15, "quantity": 1, "price": 3.3, "amount": 3.3, "created_at": "2023-12-15T15:31:51.077Z", "updated_at": "2023-12-15T15:31:51.077Z"}}, {"model": "orders.orderedfood", "pk": 40, "fields": {"order": 77, "payment": 27, "user": 44, "fooditem": 11, "quantity": 1, "price": 2.37, "amount": 2.37, "created_at": "2023-12-15T15:31:51.094Z", "updated_at": "2023-12-15T15:31:51.094Z"}}]